瘤痢,瘤痢疙,老矫,老 固技刚瘤 丑档(Ф/З)
143,措备,2022-01-01,13
143,措备,2022-01-02,28
143,措备,2022-01-03,37
143,措备,2022-01-04,25
143,措备,2022-01-05,31
143,措备,2022-01-06,25
143,措备,2022-01-07,31
143,措备,2022-01-08,31
143,措备,2022-01-09,44
143,措备,2022-01-10,56
143,措备,2022-01-12,18
143,措备,2022-01-13,23
143,措备,2022-01-14,24
143,措备,2022-01-15,30
143,措备,2022-01-16,28
143,措备,2022-01-17,17
143,措备,2022-01-18,18
143,措备,2022-01-19,35
143,措备,2022-01-20,31
143,措备,2022-01-21,39
143,措备,2022-01-22,43
143,措备,2022-01-23,35
143,措备,2022-01-24,16
143,措备,2022-01-25,28
143,措备,2022-01-26,49
143,措备,2022-01-27,48
143,措备,2022-01-28,21
143,措备,2022-01-29,16
143,措备,2022-01-30,19
143,措备,2022-01-31,18
143,措备,2022-02-01,34
143,措备,2022-02-02,31
143,措备,2022-02-03,17
143,措备,2022-02-04,20
143,措备,2022-02-05,19
143,措备,2022-02-06,21
143,措备,2022-02-07,18
143,措备,2022-02-08,28
143,措备,2022-02-09,34
143,措备,2022-02-10,29
143,措备,2022-02-11,43
143,措备,2022-02-12,58
143,措备,2022-02-13,43
143,措备,2022-02-14,28
143,措备,2022-02-16,19
143,措备,2022-02-17,22
143,措备,2022-02-18,34
143,措备,2022-02-19,29
143,措备,2022-02-20,20
143,措备,2022-02-21,26
143,措备,2022-02-22,22
143,措备,2022-02-23,19
143,措备,2022-02-24,22
143,措备,2022-02-25,42
143,措备,2022-02-26,58
143,措备,2022-02-27,31
143,措备,2022-02-28,35
143,措备,2022-03-01,48
143,措备,2022-03-02,21
143,措备,2022-03-04,69
143,措备,2022-03-05,95
143,措备,2022-03-06,32
143,措备,2022-03-07,36
143,措备,2022-03-08,45
143,措备,2022-03-09,51
143,措备,2022-03-10,58
143,措备,2022-03-11,51
143,措备,2022-03-12,50
143,措备,2022-03-13,23
143,措备,2022-03-14,15
143,措备,2022-03-15,30
143,措备,2022-03-16,62
143,措备,2022-03-17,26
143,措备,2022-03-19,10
143,措备,2022-03-21,20
143,措备,2022-03-22,27
143,措备,2022-03-23,37
143,措备,2022-03-24,49
143,措备,2022-03-25,48
143,措备,2022-03-26,11
143,措备,2022-03-27,38
143,措备,2022-03-28,23
143,措备,2022-03-29,31
143,措备,2022-03-30,30
143,措备,2022-03-31,15
143,措备,2022-04-01,16
143,措备,2022-04-02,28
143,措备,2022-04-03,25
143,措备,2022-04-04,30
143,措备,2022-04-05,30
143,措备,2022-04-06,35
143,措备,2022-04-08,38
143,措备,2022-04-09,43
143,措备,2022-04-10,27
143,措备,2022-04-11,34
143,措备,2022-04-12,32
143,措备,2022-04-13,15
143,措备,2022-04-14,11
143,措备,2022-04-15,21
143,措备,2022-04-16,25
143,措备,2022-04-17,28
143,措备,2022-04-18,36
143,措备,2022-04-19,33
143,措备,2022-04-20,33
143,措备,2022-04-21,29
143,措备,2022-04-22,40
143,措备,2022-04-23,41
143,措备,2022-04-24,44
143,措备,2022-04-25,48
143,措备,2022-04-26,23
143,措备,2022-04-27,61
143,措备,2022-04-28,65
143,措备,2022-04-30,16
143,措备,2022-05-01,39
143,措备,2022-05-02,30
143,措备,2022-05-03,34
143,措备,2022-05-04,38
143,措备,2022-05-05,29
143,措备,2022-05-06,32
143,措备,2022-05-07,28
143,措备,2022-05-08,21
143,措备,2022-05-09,18
143,措备,2022-05-11,30
143,措备,2022-05-12,28
143,措备,2022-05-13,22
143,措备,2022-05-14,30
143,措备,2022-05-15,22
143,措备,2022-05-17,31
143,措备,2022-05-18,39
143,措备,2022-05-19,34
143,措备,2022-05-20,34
143,措备,2022-05-21,33
143,措备,2022-05-22,35
143,措备,2022-05-23,37
143,措备,2022-05-24,45
143,措备,2022-05-25,49
143,措备,2022-05-26,16
143,措备,2022-05-27,24
143,措备,2022-05-28,24
143,措备,2022-05-29,22
143,措备,2022-05-30,23
143,措备,2022-05-31,23
143,措备,2022-06-01,29
143,措备,2022-06-02,26
143,措备,2022-06-03,26
143,措备,2022-06-04,22
143,措备,2022-06-05,13
143,措备,2022-06-07,10
143,措备,2022-06-08,21
143,措备,2022-06-09,20
143,措备,2022-06-10,21
143,措备,2022-06-11,21
143,措备,2022-06-12,14
143,措备,2022-06-13,17
143,措备,2022-06-14,10
143,措备,2022-06-15,16
143,措备,2022-06-16,21
143,措备,2022-06-17,25
143,措备,2022-06-18,24
143,措备,2022-06-19,23
143,措备,2022-06-20,26
143,措备,2022-06-21,20
143,措备,2022-06-22,28
143,措备,2022-06-29,11
143,措备,2022-06-30,11
143,措备,2022-07-01,19
143,措备,2022-07-02,27
143,措备,2022-07-03,24
143,措备,2022-07-04,15
143,措备,2022-07-05,20
143,措备,2022-07-06,24
143,措备,2022-07-07,18
143,措备,2022-07-08,21
143,措备,2022-07-09,17
143,措备,2022-07-10,17
143,措备,2022-07-11,19
143,措备,2022-07-12,11
143,措备,2022-07-13,18
143,措备,2022-07-14,21
143,措备,2022-07-15,15
143,措备,2022-07-16,20
143,措备,2022-07-17,15
143,措备,2022-07-18,15
143,措备,2022-07-19,19
143,措备,2022-07-21,11
143,措备,2022-07-22,11
143,措备,2022-07-23,13
143,措备,2022-07-24,9
143,措备,2022-07-25,11
143,措备,2022-07-26,16
143,措备,2022-07-27,11
143,措备,2022-07-28,11
143,措备,2022-07-29,15
143,措备,2022-07-30,10
143,措备,2022-07-31,10
143,措备,2022-08-01,10
143,措备,2022-08-03,12
143,措备,2022-08-04,9
143,措备,2022-08-05,10
143,措备,2022-08-06,15
143,措备,2022-08-07,19
143,措备,2022-08-08,10
143,措备,2022-08-09,9
143,措备,2022-08-10,10
143,措备,2022-08-11,10
143,措备,2022-08-13,16
143,措备,2022-08-14,15
143,措备,2022-08-15,9
143,措备,2022-08-16,11
143,措备,2022-08-17,13
143,措备,2022-08-18,13
143,措备,2022-08-19,15
143,措备,2022-08-20,12
143,措备,2022-08-21,8
143,措备,2022-08-22,12
143,措备,2022-08-23,20
143,措备,2022-08-25,14
143,措备,2022-08-26,13
143,措备,2022-08-27,16
143,措备,2022-08-28,10
143,措备,2022-08-29,11
143,措备,2022-08-30,9
143,措备,2022-08-31,7
143,措备,2022-09-01,9
143,措备,2022-09-02,9
143,措备,2022-09-03,7
143,措备,2022-09-04,9
143,措备,2022-09-07,13
143,措备,2022-09-08,12
143,措备,2022-09-09,9
143,措备,2022-09-10,9
143,措备,2022-09-11,10
143,措备,2022-09-12,10
143,措备,2022-09-13,9
143,措备,2022-09-14,11
143,措备,2022-09-15,12
143,措备,2022-09-16,14
143,措备,2022-09-17,14
143,措备,2022-09-18,10
143,措备,2022-09-20,15
143,措备,2022-09-21,11
143,措备,2022-09-22,13
143,措备,2022-09-23,14
143,措备,2022-09-24,10
143,措备,2022-09-25,12
143,措备,2022-09-26,16
143,措备,2022-09-27,11
143,措备,2022-09-28,11
143,措备,2022-09-29,16
143,措备,2022-09-30,22
143,措备,2022-10-01,17
143,措备,2022-10-02,15
143,措备,2022-10-03,16
143,措备,2022-10-05,10
143,措备,2022-10-06,9
143,措备,2022-10-08,10
143,措备,2022-10-09,10
143,措备,2022-10-11,12
143,措备,2022-10-12,17
143,措备,2022-10-13,12
143,措备,2022-10-14,13
143,措备,2022-10-15,10
143,措备,2022-10-16,11
143,措备,2022-10-17,20
143,措备,2022-10-19,14
143,措备,2022-10-20,22
143,措备,2022-10-21,24
143,措备,2022-10-22,16
143,措备,2022-10-23,17
143,措备,2022-10-24,16
143,措备,2022-10-26,23
143,措备,2022-10-27,35
143,措备,2022-10-28,34
143,措备,2022-10-29,22
143,措备,2022-10-30,15
143,措备,2022-10-31,21
143,措备,2022-11-01,33
143,措备,2022-11-02,44
143,措备,2022-11-03,37
143,措备,2022-11-04,20
143,措备,2022-11-05,22
143,措备,2022-11-06,29
143,措备,2022-11-07,39
143,措备,2022-11-08,46
143,措备,2022-11-09,47
143,措备,2022-11-10,48
143,措备,2022-11-11,46
143,措备,2022-11-12,38
143,措备,2022-11-13,12
143,措备,2022-11-14,24
143,措备,2022-11-15,23
143,措备,2022-11-16,31
143,措备,2022-11-17,39
143,措备,2022-11-18,46
143,措备,2022-11-19,37
143,措备,2022-11-20,33
143,措备,2022-11-21,32
143,措备,2022-11-22,40
143,措备,2022-11-23,25
143,措备,2022-11-24,35
143,措备,2022-11-25,48
143,措备,2022-11-26,42
143,措备,2022-11-27,38
143,措备,2022-11-28,46
143,措备,2022-11-29,18
143,措备,2022-11-30,13
143,措备,2022-12-01,13
143,措备,2022-12-02,22
143,措备,2022-12-03,33
143,措备,2022-12-04,22
143,措备,2022-12-05,13
143,措备,2022-12-06,30
143,措备,2022-12-07,44
143,措备,2022-12-08,47
143,措备,2022-12-09,51
143,措备,2022-12-10,44
143,措备,2022-12-11,26
143,措备,2022-12-12,35
143,措备,2022-12-13,97
143,措备,2022-12-14,24
143,措备,2022-12-15,29
143,措备,2022-12-16,20
143,措备,2022-12-17,17
143,措备,2022-12-18,15
143,措备,2022-12-19,31
143,措备,2022-12-20,37
143,措备,2022-12-21,37
143,措备,2022-12-22,27
143,措备,2022-12-23,19
143,措备,2022-12-24,22
143,措备,2022-12-25,21
143,措备,2022-12-26,26
143,措备,2022-12-27,28
143,措备,2022-12-28,38
143,措备,2022-12-29,25
143,措备,2022-12-30,30
143,措备,2022-12-31,23
